{
  "name": "konva",
  "authors": [
    "Anton Lavrenov",
    "Eric Rowell"
  ],
  "homepage": "http://konvajs.github.io",
  "description": "Konva is an HTML5 Canvas JavaScript framework that enables high performance animations, transitions, node nesting, layering, filtering, caching, event handling for desktop and mobile applications, and much more.",
  "keywords": [
    "canvas",
    "animations",
    "graphic",
    "html5"
  ],
  "license": "MIT",
  "ignore": [
    "**/.*",
    "test",
    "resources",
    "src",
    "*.yml",
    ".jshitrc",
    ".npmignore",
    "package.json",
    ".travis.yml",
    ".gitignore",
    "Gruntfile.js",
    "gulpfile.js"
  ],
  "main": "konva.min.js",
  "version": "1.7.6",
  "_release": "1.7.6",
  "_resolution": {
    "type": "version",
    "tag": "1.7.6",
    "commit": "9f58c3bf48d7e027beb2c4c4bb168454e4e539a3"
  },
  "_source": "git://github.com/konvajs/konva.git",
  "_target": "^1.7.6",
  "_originalSource": "git://github.com/konvajs/konva.git",
  "_direct": true
}